-- phpMyAdmin SQL Dump
-- version 4.9.2
-- https://www.phpmyadmin.net/
--
-- Hôte : 127.0.0.1:3306
-- Généré le :  mer. 03 juin 2020 à 14:06
-- Version du serveur :  10.4.10-MariaDB
-- Version de PHP :  7.3.12

SET SQL_MODE = "NO_AUTO_VALUE_ON_ZERO";
SET AUTOCOMMIT = 0;
START TRANSACTION;
SET time_zone = "+00:00";


/*!40101 SET @OLD_CHARACTER_SET_CLIENT=@@CHARACTER_SET_CLIENT */;
/*!40101 SET @OLD_CHARACTER_SET_RESULTS=@@CHARACTER_SET_RESULTS */;
/*!40101 SET @OLD_COLLATION_CONNECTION=@@COLLATION_CONNECTION */;
/*!40101 SET NAMES utf8mb4 */;

--
-- Base de données :  `app`
--

-- --------------------------------------------------------

--
-- Structure de la table `admin`
--

DROP TABLE IF EXISTS `admin`;
CREATE TABLE IF NOT EXISTS `admin` (
  `id` int(11) NOT NULL AUTO_INCREMENT,
  `personId` int(255) DEFAULT NULL,
  `acceptationId` int(255) DEFAULT NULL,
  `validated` tinyint(1) DEFAULT 0,
  PRIMARY KEY (`id`)
) ENGINE=MyISAM AUTO_INCREMENT=6 DEFAULT CHARSET=latin1;

--
-- Déchargement des données de la table `admin`
--

INSERT INTO `admin` (`id`, `personId`, `acceptationId`, `validated`) VALUES
(1, 8, 8, 1),
(5, 12, NULL, 0);

-- --------------------------------------------------------

--
-- Structure de la table `faq`
--

DROP TABLE IF EXISTS `faq`;
CREATE TABLE IF NOT EXISTS `faq` (
  `id` int(11) NOT NULL AUTO_INCREMENT,
  `adminId` int(255) DEFAULT NULL,
  `question` varchar(255) DEFAULT NULL,
  `answer` varchar(255) DEFAULT NULL,
  `language` varchar(255) DEFAULT NULL,
  PRIMARY KEY (`id`)
) ENGINE=MyISAM AUTO_INCREMENT=36 DEFAULT CHARSET=latin1;

--
-- Déchargement des données de la table `faq`
--

INSERT INTO `faq` (`id`, `adminId`, `question`, `answer`, `language`) VALUES
(23, 3, 'Question ?', 'Answer !', 'EN'),
(34, 3, 'Question 2 ?', 'Answer 2 !', 'EN'),
(25, 3, 'Question ?', 'Réponse !', 'FR'),
(35, 3, 'Question 3 ?', 'Answer 3 !', 'EN'),
(33, 3, 'Question 2 ?', 'Réponse 2 !', 'FR'),
(32, 3, 'Question 3 ?', 'Réponse 3 !', 'FR');

-- --------------------------------------------------------

--
-- Structure de la table `gtu`
--

DROP TABLE IF EXISTS `gtu`;
CREATE TABLE IF NOT EXISTS `gtu` (
  `id` int(11) NOT NULL AUTO_INCREMENT,
  `text` varchar(255) DEFAULT NULL,
  `lastChangeDate` timestamp NOT NULL DEFAULT current_timestamp(),
  `language` varchar(255) DEFAULT NULL,
  PRIMARY KEY (`id`)
) ENGINE=MyISAM AUTO_INCREMENT=3 DEFAULT CHARSET=latin1;

--
-- Déchargement des données de la table `gtu`
--

INSERT INTO `gtu` (`id`, `text`, `lastChangeDate`, `language`) VALUES
(1, 'GTU v1 ', '2020-04-14 10:30:03', 'EN'),
(2, 'CGU v1', '2020-04-14 10:30:19', 'FR');

-- --------------------------------------------------------

--
-- Structure de la table `infoshandicap`
--

DROP TABLE IF EXISTS `infoshandicap`;
CREATE TABLE IF NOT EXISTS `infoshandicap` (
  `id` int(11) NOT NULL AUTO_INCREMENT,
  `handicapEN` varchar(255) DEFAULT NULL,
  `handicapFR` varchar(255) DEFAULT NULL,
  PRIMARY KEY (`id`)
) ENGINE=MyISAM AUTO_INCREMENT=4 DEFAULT CHARSET=latin1;

--
-- Déchargement des données de la table `infoshandicap`
--

INSERT INTO `infoshandicap` (`id`, `handicapEN`, `handicapFR`) VALUES
(1, 'Blinded', 'Aveugle'),
(2, 'Alzheimer', 'Alzheimer'),
(3, 'Deaf', 'Sourd');

-- --------------------------------------------------------

--
-- Structure de la table `infosjob`
--

DROP TABLE IF EXISTS `infosjob`;
CREATE TABLE IF NOT EXISTS `infosjob` (
  `id` int(11) NOT NULL AUTO_INCREMENT,
  `jobEN` varchar(255) DEFAULT NULL,
  `jobFR` varchar(255) DEFAULT NULL,
  PRIMARY KEY (`id`)
) ENGINE=MyISAM AUTO_INCREMENT=4 DEFAULT CHARSET=latin1;

--
-- Déchargement des données de la table `infosjob`
--

INSERT INTO `infosjob` (`id`, `jobEN`, `jobFR`) VALUES
(1, 'Engineer', 'Ingénieur'),
(2, 'Firefighter', 'Pompier'),
(3, 'Soldier', 'Soldat');

-- --------------------------------------------------------

--
-- Structure de la table `infossport`
--

DROP TABLE IF EXISTS `infossport`;
CREATE TABLE IF NOT EXISTS `infossport` (
  `id` int(11) NOT NULL AUTO_INCREMENT,
  `sportEN` varchar(255) DEFAULT NULL,
  `sportFR` varchar(255) DEFAULT NULL,
  PRIMARY KEY (`id`)
) ENGINE=MyISAM AUTO_INCREMENT=4 DEFAULT CHARSET=latin1;

--
-- Déchargement des données de la table `infossport`
--

INSERT INTO `infossport` (`id`, `sportEN`, `sportFR`) VALUES
(1, 'Football', 'Football'),
(2, 'Handball', 'Handball'),
(3, 'Basketball', 'Basketball');

-- --------------------------------------------------------

--
-- Structure de la table `linkhandicap`
--

DROP TABLE IF EXISTS `linkhandicap`;
CREATE TABLE IF NOT EXISTS `linkhandicap` (
  `id` int(11) NOT NULL AUTO_INCREMENT,
  `userId` int(255) DEFAULT NULL,
  `handicapId` int(255) DEFAULT NULL,
  PRIMARY KEY (`id`)
) ENGINE=MyISAM AUTO_INCREMENT=9 DEFAULT CHARSET=latin1;

--
-- Déchargement des données de la table `linkhandicap`
--

INSERT INTO `linkhandicap` (`id`, `userId`, `handicapId`) VALUES
(6, 10, 1),
(5, 10, 3),
(4, 10, 2),
(7, 10, 1),
(8, 10, 1);

-- --------------------------------------------------------

--
-- Structure de la table `linkjob`
--

DROP TABLE IF EXISTS `linkjob`;
CREATE TABLE IF NOT EXISTS `linkjob` (
  `id` int(11) NOT NULL AUTO_INCREMENT,
  `userId` int(255) DEFAULT NULL,
  `jobId` int(255) DEFAULT NULL,
  PRIMARY KEY (`id`)
) ENGINE=MyISAM AUTO_INCREMENT=2 DEFAULT CHARSET=latin1;

-- --------------------------------------------------------

--
-- Structure de la table `linksport`
--

DROP TABLE IF EXISTS `linksport`;
CREATE TABLE IF NOT EXISTS `linksport` (
  `id` int(11) NOT NULL AUTO_INCREMENT,
  `userId` int(255) DEFAULT NULL,
  `sportId` int(255) DEFAULT NULL,
  PRIMARY KEY (`id`)
) ENGINE=MyISAM AUTO_INCREMENT=3 DEFAULT CHARSET=latin1;

-- --------------------------------------------------------

--
-- Structure de la table `organism`
--

DROP TABLE IF EXISTS `organism`;
CREATE TABLE IF NOT EXISTS `organism` (
  `id` int(11) NOT NULL AUTO_INCREMENT,
  `personId` int(255) DEFAULT NULL,
  `name` varchar(255) DEFAULT NULL,
  `contactMail` varchar(255) DEFAULT NULL,
  `address` varchar(255) DEFAULT NULL,
  `country` varchar(255) DEFAULT NULL,
  `city` varchar(255) DEFAULT NULL,
  `postalCode` varchar(255) DEFAULT NULL,
  `phone` varchar(255) DEFAULT NULL,
  `organismType` varchar(255) DEFAULT NULL,
  `validated` tinyint(1) DEFAULT 0,
  PRIMARY KEY (`id`)
) ENGINE=MyISAM AUTO_INCREMENT=6 DEFAULT CHARSET=latin1;

--
-- Déchargement des données de la table `organism`
--

INSERT INTO `organism` (`id`, `personId`, `name`, `contactMail`, `address`, `country`, `city`, `postalCode`, `phone`, `organismType`, `validated`) VALUES
(2, 7, 'Nom', 'organism2@organism2', 'Adresse', 'Pays', 'Ville', 'Code postal', '0102030405', 'drivingSchool', 1),
(1, 6, 'Nom', 'organism@organism', 'Adresse', 'Pays', 'Ville', 'Code postal', '0102030405', 'drivingSchool', 1),
(5, 11, 'ONG', 'orga@gmail.com', '50 rue des paquerettes', 'France', 'Evry', '92500', '0658945321', 'ONG', 0);

-- --------------------------------------------------------

--
-- Structure de la table `person`
--

DROP TABLE IF EXISTS `person`;
CREATE TABLE IF NOT EXISTS `person` (
  `id` int(11) NOT NULL AUTO_INCREMENT,
  `mail` varchar(255) DEFAULT NULL,
  `password` varchar(255) DEFAULT NULL,
  `firstName` varchar(255) DEFAULT NULL,
  `lastName` varchar(255) DEFAULT NULL,
  `typeAccess` varchar(255) NOT NULL,
  `language` varchar(255) DEFAULT 'EN',
  `picture` varchar(255) DEFAULT 'defaultPicture.jpg',
  `registrationDate` timestamp NOT NULL DEFAULT current_timestamp(),
  PRIMARY KEY (`id`)
) ENGINE=MyISAM AUTO_INCREMENT=13 DEFAULT CHARSET=latin1;

--
-- Déchargement des données de la table `person`
--

INSERT INTO `person` (`id`, `mail`, `password`, `firstName`, `lastName`, `typeAccess`, `language`, `picture`, `registrationDate`) VALUES
(5, 'user5@user5', 'passe', 'prenom', 'nom', 'user', 'FR', 'defaultPicture.jpg', '2020-05-20 13:00:25'),
(4, 'user4@user4', 'passe', 'prenom', 'nom', 'user', 'FR', 'defaultPicture.jpg', '2020-05-20 13:00:11'),
(1, 'user@user', 'passe', 'prenom', 'nom', 'user', 'FR', 'defaultPicture.jpg', '2020-05-20 12:59:01'),
(2, 'user2@user2', 'passe', 'prenom', 'nom', 'user', 'FR', 'defaultPicture.jpg', '2020-05-20 12:59:21'),
(3, 'user3@user3', 'passe', 'prenom', 'nom', 'user', 'FR', 'defaultPicture.jpg', '2020-05-20 12:59:51'),
(6, 'organism@organism', 'passe', 'prenom', 'nom', 'organism', 'FR', 'defaultPicture.jpg', '2020-05-20 13:01:45'),
(7, 'organism2@organism2', 'passe', 'prenom', 'nom', 'organism', 'FR', 'defaultPicture.jpg', '2020-05-20 13:02:09'),
(8, 'admin@admin', 'passe', 'prenom', 'nom', 'admin', 'FR', 'defaultPicture.jpg', '2020-05-20 13:02:25'),
(9, 'fzef@heh', 'passe', 'fez', 'efzefz', 'user', 'FR', 'defaultPicture.jpg', '2020-05-22 16:28:25'),
(10, 'paul.rsl91@gmail.com', 'paulrsl', 'Paul', 'Roussel', 'user', 'FR', 'defaultPicture.jpg', '2020-06-02 11:49:13'),
(11, 'orga@gmail.com', 'organism', 'orga', 'nisme', 'organism', 'FR', 'defaultPicture.jpg', '2020-06-02 11:52:29'),
(12, 'admin@gmail.com', 'admin', 'admin', 'admin', 'admin', 'FR', 'defaultPicture.jpg', '2020-06-02 11:53:15');

-- --------------------------------------------------------

--
-- Structure de la table `results`
--

DROP TABLE IF EXISTS `results`;
CREATE TABLE IF NOT EXISTS `results` (
  `id` int(11) NOT NULL AUTO_INCREMENT,
  `userId` int(255) DEFAULT NULL,
  `testDate` timestamp NOT NULL DEFAULT current_timestamp(),
  `idTone` int(255) DEFAULT NULL,
  `idVisualStimulus` int(255) DEFAULT NULL,
  `idSoundStimulus` int(255) DEFAULT NULL,
  `averageVisualStimulus` int(255) NOT NULL,
  `averageSoundStimulus` int(255) NOT NULL,
  `averageTone` int(255) NOT NULL,
  PRIMARY KEY (`id`)
) ENGINE=MyISAM AUTO_INCREMENT=43 DEFAULT CHARSET=latin1;

--
-- Déchargement des données de la table `results`
--

INSERT INTO `results` (`id`, `userId`, `testDate`, `idTone`, `idVisualStimulus`, `idSoundStimulus`, `averageVisualStimulus`, `averageSoundStimulus`, `averageTone`) VALUES
(22, 1, '2020-05-31 16:02:01', 5, 5, 5, 481, 541, 42),
(21, 1, '2020-05-31 16:02:01', 4, 4, 4, 630, 536, 55),
(20, 1, '2020-05-31 16:01:55', 3, 3, 3, 606, 636, 47),
(19, 3, '2020-05-20 13:07:43', 2, 2, 2, 604, 503, 46),
(18, 2, '2020-05-20 13:07:42', 1, 1, 1, 588, 551, 53),
(17, 1, '2020-05-20 13:07:20', 0, 0, 0, 508, 556, 57),
(23, 1, '2020-06-02 12:06:22', 6, 6, 6, 496, 594, 45),
(24, 3, '2020-06-02 12:08:02', 7, 7, 7, 483, 641, 50),
(25, 1, '2020-06-02 23:51:18', 8, 8, 8, 604, 629, 56),
(26, 3, '2020-06-02 23:51:36', 9, 9, 9, 648, 591, 55),
(27, 1, '2020-06-03 00:14:29', 10, 10, 10, 584, 460, 59),
(28, 1, '2020-06-03 00:14:34', 11, 11, 11, 521, 607, 55),
(29, 1, '2020-06-03 00:23:35', 12, 12, 12, 544, 544, 37),
(30, 1, '2020-06-03 00:23:37', 13, 13, 13, 611, 563, 48),
(31, 1, '2020-06-03 00:46:35', 14, 14, 14, 592, 503, 61),
(32, 1, '2020-06-03 01:16:44', 15, 15, 15, 470, 560, 56),
(33, 2, '2020-06-03 01:16:56', 16, 16, 16, 582, 471, 49),
(34, 1, '2020-06-03 01:17:54', 17, 17, 17, 420, 572, 48),
(35, 1, '2020-06-03 01:42:50', 18, 18, 18, 595, 497, 59),
(36, 3, '2020-06-03 01:43:27', 19, 19, 19, 619, 516, 51),
(37, 2, '2020-06-03 09:51:22', 20, 20, 20, 482, 600, 53),
(38, 1, '2020-06-03 09:53:42', 21, 21, 21, 531, 543, 51),
(39, 2, '2020-06-03 11:16:48', 22, 22, 22, 581, 656, 49),
(40, 1, '2020-06-03 11:17:41', 23, 23, 23, 595, 543, 47),
(41, 1, '2020-06-03 11:19:15', 24, 24, 24, 524, 645, 52),
(42, 2, '2020-06-03 11:34:47', 25, 25, 25, 459, 614, 49);

-- --------------------------------------------------------

--
-- Structure de la table `testschedule`
--

DROP TABLE IF EXISTS `testschedule`;
CREATE TABLE IF NOT EXISTS `testschedule` (
  `id` int(11) NOT NULL AUTO_INCREMENT,
  `userId` int(255) DEFAULT NULL,
  `date` timestamp NOT NULL DEFAULT current_timestamp() ON UPDATE current_timestamp(),
  `visualStimulus` tinyint(1) DEFAULT NULL,
  `soundStimulus` tinyint(1) DEFAULT NULL,
  `tone` tinyint(1) DEFAULT NULL,
  `testPassed` tinyint(1) DEFAULT NULL,
  PRIMARY KEY (`id`)
) ENGINE=MyISAM DEFAULT CHARSET=latin1;

-- --------------------------------------------------------

--
-- Structure de la table `testsoundstimulus`
--

DROP TABLE IF EXISTS `testsoundstimulus`;
CREATE TABLE IF NOT EXISTS `testsoundstimulus` (
  `id` int(11) NOT NULL AUTO_INCREMENT,
  `idTest` int(255) DEFAULT NULL,
  `value` int(255) DEFAULT NULL,
  `heartBeat` int(255) DEFAULT NULL,
  `temperature` int(255) DEFAULT NULL,
  PRIMARY KEY (`id`)
) ENGINE=MyISAM AUTO_INCREMENT=1172 DEFAULT CHARSET=latin1;

--
-- Déchargement des données de la table `testsoundstimulus`
--

INSERT INTO `testsoundstimulus` (`id`, `idTest`, `value`, `heartBeat`, `temperature`) VALUES
(871, 5, 794, 99, 35),
(870, 5, 191, 75, 35),
(869, 5, 767, 59, 37),
(868, 5, 470, 99, 37),
(867, 5, 736, 77, 39),
(866, 5, 402, 60, 38),
(865, 5, 842, 79, 35),
(864, 5, 873, 95, 41),
(863, 5, 172, 97, 36),
(862, 5, 208, 112, 38),
(861, 5, 642, 85, 41),
(860, 5, 461, 61, 39),
(859, 5, 754, 114, 41),
(858, 5, 376, 119, 40),
(857, 5, 429, 40, 38),
(856, 4, 708, 56, 39),
(855, 4, 740, 40, 42),
(854, 4, 423, 41, 40),
(853, 4, 424, 72, 37),
(852, 4, 174, 44, 42),
(851, 4, 699, 98, 37),
(850, 4, 149, 90, 36),
(849, 4, 957, 104, 36),
(848, 4, 720, 94, 38),
(847, 4, 529, 55, 37),
(846, 4, 892, 80, 35),
(845, 4, 934, 53, 42),
(844, 4, 228, 50, 42),
(843, 4, 258, 55, 40),
(842, 4, 209, 101, 37),
(841, 3, 435, 91, 38),
(840, 3, 384, 118, 41),
(839, 3, 861, 42, 39),
(838, 3, 101, 77, 37),
(837, 3, 341, 40, 36),
(836, 3, 310, 115, 39),
(835, 3, 849, 78, 35),
(834, 3, 711, 70, 35),
(833, 3, 631, 70, 39),
(832, 3, 709, 54, 39),
(831, 3, 952, 51, 41),
(830, 3, 902, 43, 35),
(829, 3, 866, 113, 35),
(828, 3, 590, 77, 37),
(827, 3, 911, 119, 35),
(826, 2, 227, 53, 40),
(825, 2, 299, 93, 36),
(824, 2, 994, 71, 39),
(823, 2, 707, 97, 40),
(822, 2, 226, 106, 36),
(821, 2, 634, 54, 37),
(820, 2, 388, 41, 42),
(819, 2, 403, 82, 41),
(818, 2, 628, 42, 41),
(817, 2, 456, 86, 39),
(816, 2, 112, 40, 42),
(815, 2, 786, 68, 39),
(814, 2, 359, 107, 41),
(813, 2, 820, 52, 40),
(812, 2, 508, 62, 42),
(811, 1, 646, 118, 38),
(810, 1, 893, 113, 38),
(809, 1, 989, 48, 36),
(808, 1, 172, 89, 38),
(807, 1, 367, 71, 36),
(806, 1, 510, 74, 36),
(805, 1, 820, 88, 40),
(804, 1, 147, 64, 41),
(803, 1, 354, 50, 37),
(802, 1, 136, 105, 37),
(801, 1, 596, 120, 37),
(800, 1, 959, 90, 35),
(799, 1, 761, 56, 41),
(798, 1, 825, 72, 35),
(797, 1, 104, 61, 36),
(796, 0, 613, 40, 38),
(795, 0, 579, 93, 42),
(794, 0, 366, 93, 37),
(793, 0, 110, 92, 41),
(792, 0, 736, 66, 38),
(791, 0, 325, 78, 35),
(790, 0, 512, 41, 42),
(789, 0, 612, 112, 37),
(788, 0, 595, 78, 41),
(787, 0, 657, 51, 42),
(786, 0, 422, 103, 36),
(785, 0, 631, 82, 36),
(784, 0, 962, 109, 40),
(783, 0, 774, 78, 40),
(782, 0, 447, 59, 36),
(872, 6, 766, 89, 35),
(873, 6, 196, 118, 36),
(874, 6, 998, 75, 42),
(875, 6, 634, 88, 36),
(876, 6, 939, 98, 42),
(877, 6, 372, 96, 35),
(878, 6, 359, 47, 42),
(879, 6, 402, 105, 36),
(880, 6, 678, 95, 42),
(881, 6, 551, 85, 37),
(882, 6, 345, 69, 41),
(883, 6, 620, 70, 39),
(884, 6, 263, 115, 41),
(885, 6, 910, 41, 41),
(886, 6, 890, 59, 41),
(887, 7, 736, 112, 35),
(888, 7, 530, 66, 39),
(889, 7, 884, 51, 38),
(890, 7, 798, 111, 39),
(891, 7, 650, 77, 37),
(892, 7, 435, 112, 40),
(893, 7, 627, 89, 36),
(894, 7, 461, 55, 35),
(895, 7, 847, 72, 40),
(896, 7, 466, 104, 42),
(897, 7, 217, 57, 37),
(898, 7, 699, 62, 41),
(899, 7, 486, 108, 39),
(900, 7, 961, 59, 37),
(901, 7, 825, 53, 41),
(902, 8, 371, 115, 37),
(903, 8, 873, 49, 36),
(904, 8, 701, 50, 35),
(905, 8, 568, 47, 35),
(906, 8, 713, 41, 35),
(907, 8, 124, 94, 41),
(908, 8, 769, 86, 42),
(909, 8, 621, 93, 36),
(910, 8, 384, 69, 37),
(911, 8, 821, 55, 36),
(912, 8, 145, 71, 37),
(913, 8, 884, 115, 38),
(914, 8, 828, 82, 35),
(915, 8, 706, 69, 35),
(916, 8, 927, 44, 36),
(917, 9, 460, 84, 38),
(918, 9, 910, 64, 36),
(919, 9, 322, 59, 36),
(920, 9, 995, 75, 41),
(921, 9, 155, 52, 40),
(922, 9, 689, 58, 39),
(923, 9, 726, 112, 35),
(924, 9, 391, 83, 41),
(925, 9, 515, 62, 41),
(926, 9, 264, 64, 39),
(927, 9, 254, 109, 35),
(928, 9, 732, 90, 40),
(929, 9, 899, 61, 36),
(930, 9, 925, 83, 37),
(931, 9, 630, 97, 38),
(932, 10, 175, 119, 36),
(933, 10, 103, 52, 37),
(934, 10, 734, 68, 41),
(935, 10, 379, 68, 41),
(936, 10, 941, 56, 39),
(937, 10, 526, 53, 40),
(938, 10, 351, 105, 36),
(939, 10, 582, 85, 39),
(940, 10, 716, 64, 38),
(941, 10, 180, 91, 41),
(942, 10, 107, 100, 40),
(943, 10, 684, 108, 38),
(944, 10, 566, 80, 39),
(945, 10, 365, 70, 35),
(946, 10, 505, 111, 42),
(947, 11, 958, 80, 36),
(948, 11, 593, 102, 35),
(949, 11, 354, 43, 40),
(950, 11, 610, 74, 40),
(951, 11, 565, 120, 39),
(952, 11, 919, 117, 38),
(953, 11, 957, 58, 35),
(954, 11, 222, 70, 39),
(955, 11, 814, 103, 40),
(956, 11, 733, 45, 38),
(957, 11, 372, 81, 35),
(958, 11, 583, 47, 40),
(959, 11, 659, 76, 38),
(960, 11, 665, 55, 41),
(961, 11, 103, 84, 38),
(962, 12, 824, 96, 38),
(963, 12, 153, 68, 39),
(964, 12, 183, 118, 40),
(965, 12, 452, 92, 35),
(966, 12, 403, 110, 41),
(967, 12, 642, 92, 42),
(968, 12, 990, 93, 42),
(969, 12, 750, 103, 35),
(970, 12, 294, 51, 39),
(971, 12, 693, 102, 37),
(972, 12, 472, 41, 38),
(973, 12, 729, 82, 42),
(974, 12, 647, 45, 41),
(975, 12, 449, 93, 37),
(976, 12, 483, 78, 40),
(977, 13, 495, 57, 35),
(978, 13, 938, 85, 42),
(979, 13, 924, 66, 35),
(980, 13, 233, 76, 39),
(981, 13, 414, 40, 39),
(982, 13, 917, 104, 42),
(983, 13, 555, 84, 40),
(984, 13, 356, 65, 38),
(985, 13, 979, 72, 40),
(986, 13, 641, 81, 41),
(987, 13, 304, 67, 41),
(988, 13, 449, 96, 38),
(989, 13, 323, 76, 37),
(990, 13, 260, 44, 42),
(991, 13, 663, 84, 36),
(992, 14, 731, 58, 36),
(993, 14, 664, 79, 37),
(994, 14, 412, 72, 40),
(995, 14, 398, 89, 35),
(996, 14, 345, 80, 41),
(997, 14, 460, 65, 36),
(998, 14, 668, 55, 37),
(999, 14, 422, 51, 37),
(1000, 14, 203, 62, 42),
(1001, 14, 492, 83, 41),
(1002, 14, 813, 60, 41),
(1003, 14, 725, 65, 39),
(1004, 14, 345, 100, 38),
(1005, 14, 368, 65, 36),
(1006, 14, 500, 53, 37),
(1007, 15, 454, 111, 39),
(1008, 15, 165, 91, 41),
(1009, 15, 171, 53, 41),
(1010, 15, 305, 71, 38),
(1011, 15, 885, 86, 41),
(1012, 15, 889, 71, 40),
(1013, 15, 894, 94, 35),
(1014, 15, 927, 94, 39),
(1015, 15, 965, 120, 37),
(1016, 15, 964, 67, 41),
(1017, 15, 237, 65, 40),
(1018, 15, 115, 93, 42),
(1019, 15, 959, 55, 39),
(1020, 15, 165, 84, 41),
(1021, 15, 316, 65, 35),
(1022, 16, 505, 48, 35),
(1023, 16, 297, 111, 42),
(1024, 16, 292, 40, 38),
(1025, 16, 547, 88, 40),
(1026, 16, 340, 114, 41),
(1027, 16, 529, 108, 36),
(1028, 16, 876, 115, 35),
(1029, 16, 645, 107, 38),
(1030, 16, 311, 75, 36),
(1031, 16, 438, 72, 37),
(1032, 16, 123, 108, 35),
(1033, 16, 211, 98, 39),
(1034, 16, 743, 91, 42),
(1035, 16, 497, 102, 39),
(1036, 16, 725, 53, 35),
(1037, 17, 752, 74, 38),
(1038, 17, 687, 99, 41),
(1039, 17, 986, 42, 39),
(1040, 17, 305, 56, 40),
(1041, 17, 651, 63, 36),
(1042, 17, 169, 77, 35),
(1043, 17, 213, 120, 36),
(1044, 17, 405, 71, 37),
(1045, 17, 111, 85, 38),
(1046, 17, 467, 105, 42),
(1047, 17, 777, 90, 41),
(1048, 17, 341, 82, 42),
(1049, 17, 980, 110, 39),
(1050, 17, 849, 106, 41),
(1051, 17, 889, 111, 38),
(1052, 18, 539, 74, 37),
(1053, 18, 807, 88, 40),
(1054, 18, 661, 93, 40),
(1055, 18, 343, 41, 42),
(1056, 18, 689, 93, 35),
(1057, 18, 605, 55, 37),
(1058, 18, 558, 72, 36),
(1059, 18, 153, 45, 40),
(1060, 18, 733, 88, 36),
(1061, 18, 519, 83, 40),
(1062, 18, 385, 105, 36),
(1063, 18, 856, 79, 40),
(1064, 18, 179, 108, 37),
(1065, 18, 286, 112, 35),
(1066, 18, 154, 113, 35),
(1067, 19, 633, 65, 35),
(1068, 19, 626, 117, 39),
(1069, 19, 715, 100, 41),
(1070, 19, 935, 90, 42),
(1071, 19, 871, 98, 35),
(1072, 19, 623, 114, 37),
(1073, 19, 922, 112, 36),
(1074, 19, 230, 87, 40),
(1075, 19, 298, 120, 40),
(1076, 19, 188, 95, 39),
(1077, 19, 303, 46, 42),
(1078, 19, 173, 107, 42),
(1079, 19, 303, 112, 35),
(1080, 19, 460, 118, 37),
(1081, 19, 471, 51, 36),
(1082, 20, 467, 43, 37),
(1083, 20, 198, 61, 36),
(1084, 20, 468, 120, 42),
(1085, 20, 875, 97, 39),
(1086, 20, 125, 47, 38),
(1087, 20, 707, 101, 36),
(1088, 20, 557, 59, 42),
(1089, 20, 648, 120, 36),
(1090, 20, 867, 94, 36),
(1091, 20, 728, 94, 39),
(1092, 20, 754, 85, 35),
(1093, 20, 850, 107, 39),
(1094, 20, 814, 71, 35),
(1095, 20, 358, 79, 42),
(1096, 20, 592, 54, 35),
(1097, 21, 984, 66, 39),
(1098, 21, 588, 103, 41),
(1099, 21, 128, 75, 39),
(1100, 21, 576, 118, 40),
(1101, 21, 346, 111, 38),
(1102, 21, 230, 87, 38),
(1103, 21, 712, 91, 42),
(1104, 21, 385, 58, 41),
(1105, 21, 658, 40, 41),
(1106, 21, 196, 85, 40),
(1107, 21, 865, 46, 39),
(1108, 21, 143, 115, 40),
(1109, 21, 970, 73, 35),
(1110, 21, 676, 41, 42),
(1111, 21, 689, 107, 42),
(1112, 22, 835, 61, 35),
(1113, 22, 779, 112, 35),
(1114, 22, 796, 117, 40),
(1115, 22, 844, 59, 38),
(1116, 22, 658, 75, 40),
(1117, 22, 502, 116, 36),
(1118, 22, 780, 73, 41),
(1119, 22, 494, 54, 38),
(1120, 22, 360, 61, 38),
(1121, 22, 938, 106, 42),
(1122, 22, 915, 100, 38),
(1123, 22, 573, 68, 39),
(1124, 22, 463, 84, 38),
(1125, 22, 766, 101, 39),
(1126, 22, 138, 86, 41),
(1127, 23, 812, 64, 36),
(1128, 23, 381, 83, 41),
(1129, 23, 512, 89, 39),
(1130, 23, 493, 118, 36),
(1131, 23, 538, 80, 40),
(1132, 23, 392, 103, 38),
(1133, 23, 646, 93, 42),
(1134, 23, 706, 84, 40),
(1135, 23, 847, 114, 36),
(1136, 23, 157, 60, 40),
(1137, 23, 525, 91, 41),
(1138, 23, 858, 94, 41),
(1139, 23, 235, 96, 37),
(1140, 23, 835, 55, 39),
(1141, 23, 218, 56, 41),
(1142, 24, 468, 90, 42),
(1143, 24, 966, 81, 39),
(1144, 24, 887, 113, 38),
(1145, 24, 585, 113, 42),
(1146, 24, 773, 56, 37),
(1147, 24, 364, 70, 41),
(1148, 24, 616, 61, 41),
(1149, 24, 931, 56, 39),
(1150, 24, 686, 43, 36),
(1151, 24, 708, 60, 40),
(1152, 24, 586, 114, 39),
(1153, 24, 593, 46, 37),
(1154, 24, 738, 82, 39),
(1155, 24, 566, 93, 42),
(1156, 24, 221, 77, 39),
(1157, 25, 382, 116, 42),
(1158, 25, 315, 110, 40),
(1159, 25, 852, 86, 35),
(1160, 25, 723, 44, 37),
(1161, 25, 764, 77, 35),
(1162, 25, 447, 119, 38),
(1163, 25, 777, 95, 38),
(1164, 25, 909, 81, 36),
(1165, 25, 876, 103, 42),
(1166, 25, 584, 54, 42),
(1167, 25, 605, 56, 36),
(1168, 25, 555, 44, 39),
(1169, 25, 635, 54, 39),
(1170, 25, 167, 105, 42),
(1171, 25, 627, 105, 35);

-- --------------------------------------------------------

--
-- Structure de la table `testtone`
--

DROP TABLE IF EXISTS `testtone`;
CREATE TABLE IF NOT EXISTS `testtone` (
  `id` int(11) NOT NULL AUTO_INCREMENT,
  `idTest` int(255) DEFAULT NULL,
  `value` int(255) DEFAULT NULL,
  `heartBeat` int(255) DEFAULT NULL,
  `temperature` int(255) DEFAULT NULL,
  PRIMARY KEY (`id`)
) ENGINE=MyISAM AUTO_INCREMENT=782 DEFAULT CHARSET=latin1;

--
-- Déchargement des données de la table `testtone`
--

INSERT INTO `testtone` (`id`, `idTest`, `value`, `heartBeat`, `temperature`) VALUES
(581, 5, 73, 105, 39),
(580, 5, 45, 60, 38),
(579, 5, 4, 52, 40),
(578, 5, 93, 43, 36),
(577, 5, 18, 88, 35),
(576, 5, 6, 99, 39),
(575, 5, 46, 59, 41),
(574, 5, 38, 88, 37),
(573, 5, 71, 50, 35),
(572, 5, 26, 117, 35),
(571, 4, 22, 44, 35),
(570, 4, 52, 90, 40),
(569, 4, 31, 42, 41),
(568, 4, 73, 66, 40),
(567, 4, 79, 111, 35),
(566, 4, 80, 113, 37),
(565, 4, 81, 68, 37),
(564, 4, 69, 42, 38),
(563, 4, 28, 114, 38),
(562, 4, 42, 110, 40),
(561, 3, 34, 45, 40),
(560, 3, 17, 70, 41),
(559, 3, 93, 67, 35),
(558, 3, 79, 43, 36),
(557, 3, 29, 97, 38),
(556, 3, 27, 66, 38),
(555, 3, 82, 112, 38),
(554, 3, 17, 51, 36),
(553, 3, 10, 81, 40),
(552, 3, 84, 115, 39),
(551, 2, 91, 85, 41),
(550, 2, 81, 62, 41),
(549, 2, 84, 87, 39),
(548, 2, 13, 119, 39),
(547, 2, 40, 74, 37),
(546, 2, 56, 46, 40),
(545, 2, 9, 78, 38),
(544, 2, 9, 80, 41),
(543, 2, 18, 77, 42),
(542, 2, 65, 65, 41),
(541, 1, 81, 97, 37),
(540, 1, 80, 65, 42),
(539, 1, 68, 47, 36),
(538, 1, 32, 79, 36),
(537, 1, 76, 40, 36),
(536, 1, 30, 64, 39),
(535, 1, 57, 96, 41),
(534, 1, 20, 116, 42),
(533, 1, 45, 117, 40),
(532, 1, 48, 97, 37),
(531, 0, 15, 78, 35),
(530, 0, 61, 79, 42),
(529, 0, 94, 54, 39),
(528, 0, 60, 42, 42),
(527, 0, 76, 64, 42),
(526, 0, 72, 94, 36),
(525, 0, 29, 86, 36),
(524, 0, 13, 71, 36),
(523, 0, 75, 48, 40),
(522, 0, 81, 84, 38),
(582, 6, 94, 80, 37),
(583, 6, 15, 43, 37),
(584, 6, 1, 91, 41),
(585, 6, 1, 86, 39),
(586, 6, 61, 114, 38),
(587, 6, 68, 114, 36),
(588, 6, 82, 73, 42),
(589, 6, 36, 52, 41),
(590, 6, 39, 88, 39),
(591, 6, 53, 59, 41),
(592, 7, 41, 69, 38),
(593, 7, 33, 104, 35),
(594, 7, 84, 93, 37),
(595, 7, 94, 104, 38),
(596, 7, 9, 57, 35),
(597, 7, 12, 84, 36),
(598, 7, 83, 52, 38),
(599, 7, 17, 43, 41),
(600, 7, 28, 42, 39),
(601, 7, 100, 78, 39),
(602, 8, 34, 69, 39),
(603, 8, 89, 98, 41),
(604, 8, 51, 64, 39),
(605, 8, 93, 61, 41),
(606, 8, 50, 53, 41),
(607, 8, 51, 82, 36),
(608, 8, 72, 108, 41),
(609, 8, 72, 57, 37),
(610, 8, 36, 102, 36),
(611, 8, 18, 93, 41),
(612, 9, 64, 96, 42),
(613, 9, 100, 67, 40),
(614, 9, 94, 76, 40),
(615, 9, 12, 57, 35),
(616, 9, 15, 99, 40),
(617, 9, 30, 102, 38),
(618, 9, 94, 62, 36),
(619, 9, 47, 97, 35),
(620, 9, 74, 99, 38),
(621, 9, 23, 82, 42),
(622, 10, 26, 57, 41),
(623, 10, 43, 48, 38),
(624, 10, 76, 85, 35),
(625, 10, 26, 60, 36),
(626, 10, 92, 92, 41),
(627, 10, 52, 64, 40),
(628, 10, 31, 65, 38),
(629, 10, 93, 105, 38),
(630, 10, 59, 53, 38),
(631, 10, 94, 89, 35),
(632, 11, 88, 106, 38),
(633, 11, 2, 110, 36),
(634, 11, 51, 93, 35),
(635, 11, 10, 118, 39),
(636, 11, 100, 117, 39),
(637, 11, 75, 79, 37),
(638, 11, 50, 102, 41),
(639, 11, 47, 58, 39),
(640, 11, 65, 56, 42),
(641, 11, 64, 64, 37),
(642, 12, 92, 101, 42),
(643, 12, 14, 63, 36),
(644, 12, 20, 41, 36),
(645, 12, 8, 106, 38),
(646, 12, 100, 88, 35),
(647, 12, 49, 52, 36),
(648, 12, 12, 100, 40),
(649, 12, 13, 119, 42),
(650, 12, 31, 85, 38),
(651, 12, 34, 72, 41),
(652, 13, 100, 65, 40),
(653, 13, 8, 43, 37),
(654, 13, 7, 61, 40),
(655, 13, 53, 115, 39),
(656, 13, 78, 59, 39),
(657, 13, 56, 97, 36),
(658, 13, 83, 65, 42),
(659, 13, 13, 55, 36),
(660, 13, 84, 107, 40),
(661, 13, 5, 52, 42),
(662, 14, 63, 54, 42),
(663, 14, 63, 49, 37),
(664, 14, 86, 93, 41),
(665, 14, 69, 108, 40),
(666, 14, 44, 104, 36),
(667, 14, 9, 79, 36),
(668, 14, 67, 56, 42),
(669, 14, 85, 96, 35),
(670, 14, 75, 55, 41),
(671, 14, 50, 93, 37),
(672, 15, 82, 63, 35),
(673, 15, 31, 68, 35),
(674, 15, 97, 69, 36),
(675, 15, 57, 77, 35),
(676, 15, 57, 43, 35),
(677, 15, 88, 81, 37),
(678, 15, 57, 115, 37),
(679, 15, 63, 113, 40),
(680, 15, 28, 76, 40),
(681, 15, 9, 99, 36),
(682, 16, 72, 83, 40),
(683, 16, 41, 45, 40),
(684, 16, 74, 66, 39),
(685, 16, 3, 55, 41),
(686, 16, 99, 78, 37),
(687, 16, 82, 101, 37),
(688, 16, 36, 63, 40),
(689, 16, 63, 63, 35),
(690, 16, 22, 59, 41),
(691, 16, 3, 87, 40),
(692, 17, 85, 87, 37),
(693, 17, 58, 85, 36),
(694, 17, 20, 41, 41),
(695, 17, 36, 83, 35),
(696, 17, 36, 109, 39),
(697, 17, 32, 90, 36),
(698, 17, 99, 58, 42),
(699, 17, 23, 92, 35),
(700, 17, 81, 58, 38),
(701, 17, 11, 104, 39),
(702, 18, 65, 57, 40),
(703, 18, 58, 47, 39),
(704, 18, 49, 92, 41),
(705, 18, 94, 112, 38),
(706, 18, 78, 100, 42),
(707, 18, 41, 75, 42),
(708, 18, 32, 66, 40),
(709, 18, 62, 58, 36),
(710, 18, 65, 47, 36),
(711, 18, 46, 102, 39),
(712, 19, 24, 58, 39),
(713, 19, 87, 43, 42),
(714, 19, 4, 92, 35),
(715, 19, 81, 64, 42),
(716, 19, 3, 93, 38),
(717, 19, 67, 95, 39),
(718, 19, 94, 61, 40),
(719, 19, 35, 66, 35),
(720, 19, 47, 105, 41),
(721, 19, 72, 92, 42),
(722, 20, 63, 111, 39),
(723, 20, 76, 40, 35),
(724, 20, 29, 102, 37),
(725, 20, 70, 75, 39),
(726, 20, 63, 44, 36),
(727, 20, 20, 75, 39),
(728, 20, 50, 100, 39),
(729, 20, 11, 54, 36),
(730, 20, 82, 77, 41),
(731, 20, 71, 40, 40),
(732, 21, 17, 97, 41),
(733, 21, 64, 91, 35),
(734, 21, 84, 72, 36),
(735, 21, 25, 68, 36),
(736, 21, 83, 114, 37),
(737, 21, 73, 102, 37),
(738, 21, 33, 110, 37),
(739, 21, 41, 73, 35),
(740, 21, 79, 114, 39),
(741, 21, 16, 60, 40),
(742, 22, 68, 110, 40),
(743, 22, 69, 63, 37),
(744, 22, 1, 59, 42),
(745, 22, 57, 87, 37),
(746, 22, 22, 106, 39),
(747, 22, 18, 101, 38),
(748, 22, 65, 110, 38),
(749, 22, 63, 58, 36),
(750, 22, 31, 41, 42),
(751, 22, 100, 51, 39),
(752, 23, 99, 52, 36),
(753, 23, 37, 64, 42),
(754, 23, 10, 84, 42),
(755, 23, 48, 113, 41),
(756, 23, 64, 73, 35),
(757, 23, 21, 77, 39),
(758, 23, 8, 42, 35),
(759, 23, 46, 56, 42),
(760, 23, 45, 94, 39),
(761, 23, 99, 102, 42),
(762, 24, 26, 70, 37),
(763, 24, 24, 41, 41),
(764, 24, 82, 96, 40),
(765, 24, 94, 106, 42),
(766, 24, 39, 66, 39),
(767, 24, 70, 100, 40),
(768, 24, 57, 59, 39),
(769, 24, 54, 90, 41),
(770, 24, 13, 110, 36),
(771, 24, 70, 92, 38),
(772, 25, 31, 105, 38),
(773, 25, 58, 46, 41),
(774, 25, 95, 71, 35),
(775, 25, 78, 58, 38),
(776, 25, 64, 82, 39),
(777, 25, 67, 113, 39),
(778, 25, 53, 72, 39),
(779, 25, 21, 90, 35),
(780, 25, 3, 80, 41),
(781, 25, 27, 94, 41);

-- --------------------------------------------------------

--
-- Structure de la table `testvisualstimulus`
--

DROP TABLE IF EXISTS `testvisualstimulus`;
CREATE TABLE IF NOT EXISTS `testvisualstimulus` (
  `id` int(11) NOT NULL AUTO_INCREMENT,
  `idTest` int(255) DEFAULT NULL,
  `value` int(255) DEFAULT NULL,
  `heartBeat` int(255) DEFAULT NULL,
  `temperature` int(255) DEFAULT NULL,
  PRIMARY KEY (`id`)
) ENGINE=MyISAM AUTO_INCREMENT=1172 DEFAULT CHARSET=latin1;

--
-- Déchargement des données de la table `testvisualstimulus`
--

INSERT INTO `testvisualstimulus` (`id`, `idTest`, `value`, `heartBeat`, `temperature`) VALUES
(871, 5, 286, 103, 42),
(870, 5, 554, 105, 37),
(869, 5, 310, 61, 37),
(868, 5, 183, 64, 38),
(867, 5, 591, 99, 35),
(866, 5, 119, 71, 38),
(865, 5, 931, 50, 41),
(864, 5, 243, 101, 41),
(863, 5, 164, 56, 35),
(862, 5, 908, 115, 37),
(861, 5, 161, 63, 36),
(860, 5, 876, 109, 35),
(859, 5, 666, 84, 36),
(858, 5, 900, 83, 42),
(857, 5, 328, 55, 37),
(856, 4, 341, 120, 39),
(855, 4, 487, 96, 39),
(854, 4, 189, 47, 41),
(853, 4, 913, 75, 35),
(852, 4, 766, 71, 39),
(851, 4, 954, 68, 37),
(850, 4, 575, 94, 41),
(849, 4, 964, 101, 40),
(848, 4, 773, 42, 37),
(847, 4, 679, 90, 38),
(846, 4, 744, 103, 40),
(845, 4, 579, 47, 39),
(844, 4, 242, 65, 41),
(843, 4, 535, 116, 37),
(842, 4, 715, 78, 42),
(841, 3, 532, 114, 36),
(840, 3, 907, 82, 38),
(839, 3, 147, 114, 37),
(838, 3, 200, 56, 38),
(837, 3, 117, 71, 42),
(836, 3, 416, 43, 42),
(835, 3, 740, 67, 35),
(834, 3, 554, 115, 39),
(833, 3, 877, 97, 41),
(832, 3, 369, 110, 41),
(831, 3, 938, 50, 35),
(830, 3, 870, 59, 36),
(829, 3, 984, 72, 36),
(828, 3, 616, 59, 38),
(827, 3, 823, 74, 39),
(826, 2, 832, 74, 39),
(825, 2, 286, 83, 35),
(824, 2, 991, 60, 41),
(823, 2, 340, 54, 37),
(822, 2, 496, 107, 41),
(821, 2, 902, 83, 38),
(820, 2, 105, 77, 35),
(819, 2, 960, 72, 42),
(818, 2, 429, 94, 36),
(817, 2, 402, 48, 42),
(816, 2, 848, 63, 42),
(815, 2, 807, 110, 38),
(814, 2, 1000, 60, 37),
(813, 2, 531, 107, 39),
(812, 2, 142, 93, 35),
(811, 1, 475, 99, 42),
(810, 1, 651, 55, 38),
(809, 1, 278, 100, 39),
(808, 1, 855, 113, 42),
(807, 1, 652, 119, 37),
(806, 1, 746, 87, 39),
(805, 1, 834, 52, 35),
(804, 1, 585, 65, 37),
(803, 1, 683, 104, 41),
(802, 1, 588, 50, 39),
(801, 1, 484, 110, 38),
(800, 1, 605, 74, 39),
(799, 1, 122, 51, 40),
(798, 1, 446, 62, 42),
(797, 1, 828, 91, 38),
(796, 0, 728, 68, 40),
(795, 0, 735, 84, 41),
(794, 0, 403, 75, 42),
(793, 0, 578, 110, 36),
(792, 0, 741, 54, 40),
(791, 0, 178, 99, 41),
(790, 0, 970, 67, 39),
(789, 0, 114, 81, 36),
(788, 0, 411, 105, 40),
(787, 0, 542, 93, 36),
(786, 0, 147, 111, 35),
(785, 0, 258, 46, 41),
(784, 0, 808, 119, 37),
(783, 0, 257, 77, 37),
(782, 0, 752, 115, 40),
(872, 6, 647, 98, 39),
(873, 6, 534, 43, 40),
(874, 6, 171, 109, 37),
(875, 6, 502, 44, 42),
(876, 6, 870, 95, 35),
(877, 6, 377, 59, 40),
(878, 6, 974, 64, 35),
(879, 6, 172, 42, 36),
(880, 6, 729, 75, 42),
(881, 6, 329, 93, 42),
(882, 6, 595, 79, 37),
(883, 6, 485, 60, 35),
(884, 6, 519, 117, 35),
(885, 6, 388, 100, 35),
(886, 6, 161, 104, 39),
(887, 7, 129, 104, 36),
(888, 7, 782, 73, 35),
(889, 7, 550, 41, 39),
(890, 7, 338, 60, 35),
(891, 7, 822, 51, 37),
(892, 7, 751, 87, 36),
(893, 7, 115, 103, 39),
(894, 7, 380, 89, 35),
(895, 7, 186, 40, 35),
(896, 7, 154, 65, 39),
(897, 7, 261, 98, 37),
(898, 7, 585, 54, 35),
(899, 7, 457, 75, 42),
(900, 7, 841, 112, 42),
(901, 7, 895, 68, 40),
(902, 8, 492, 55, 42),
(903, 8, 805, 113, 35),
(904, 8, 723, 106, 42),
(905, 8, 929, 76, 41),
(906, 8, 547, 96, 39),
(907, 8, 788, 87, 41),
(908, 8, 372, 67, 39),
(909, 8, 579, 94, 42),
(910, 8, 216, 86, 41),
(911, 8, 451, 95, 41),
(912, 8, 415, 41, 42),
(913, 8, 682, 103, 41),
(914, 8, 301, 107, 42),
(915, 8, 855, 72, 41),
(916, 8, 915, 104, 37),
(917, 9, 543, 116, 35),
(918, 9, 471, 58, 39),
(919, 9, 342, 90, 37),
(920, 9, 661, 90, 39),
(921, 9, 905, 82, 40),
(922, 9, 455, 61, 35),
(923, 9, 212, 85, 41),
(924, 9, 758, 110, 38),
(925, 9, 905, 104, 42),
(926, 9, 934, 113, 35),
(927, 9, 964, 47, 38),
(928, 9, 612, 81, 35),
(929, 9, 550, 87, 41),
(930, 9, 856, 53, 36),
(931, 9, 564, 120, 38),
(932, 10, 522, 45, 42),
(933, 10, 500, 108, 35),
(934, 10, 209, 78, 37),
(935, 10, 797, 103, 40),
(936, 10, 233, 89, 36),
(937, 10, 628, 47, 42),
(938, 10, 851, 104, 38),
(939, 10, 982, 100, 37),
(940, 10, 336, 114, 35),
(941, 10, 544, 90, 39),
(942, 10, 967, 77, 40),
(943, 10, 778, 74, 35),
(944, 10, 851, 115, 41),
(945, 10, 359, 69, 38),
(946, 10, 217, 65, 41),
(947, 11, 552, 68, 38),
(948, 11, 571, 82, 41),
(949, 11, 841, 110, 42),
(950, 11, 744, 54, 42),
(951, 11, 854, 91, 40),
(952, 11, 433, 65, 37),
(953, 11, 325, 85, 41),
(954, 11, 123, 57, 39),
(955, 11, 377, 44, 42),
(956, 11, 716, 68, 40),
(957, 11, 657, 80, 40),
(958, 11, 707, 46, 38),
(959, 11, 332, 51, 38),
(960, 11, 153, 61, 36),
(961, 11, 431, 68, 36),
(962, 12, 978, 63, 41),
(963, 12, 467, 119, 39),
(964, 12, 444, 119, 38),
(965, 12, 726, 77, 42),
(966, 12, 299, 76, 38),
(967, 12, 269, 117, 36),
(968, 12, 941, 95, 36),
(969, 12, 198, 104, 38),
(970, 12, 262, 51, 42),
(971, 12, 534, 91, 42),
(972, 12, 978, 49, 35),
(973, 12, 838, 88, 42),
(974, 12, 444, 57, 35),
(975, 12, 469, 57, 41),
(976, 12, 326, 101, 36),
(977, 13, 180, 107, 41),
(978, 13, 922, 41, 39),
(979, 13, 184, 116, 42),
(980, 13, 606, 67, 38),
(981, 13, 515, 87, 36),
(982, 13, 322, 52, 36),
(983, 13, 945, 74, 37),
(984, 13, 640, 97, 38),
(985, 13, 943, 107, 39),
(986, 13, 806, 56, 42),
(987, 13, 961, 109, 37),
(988, 13, 426, 116, 35),
(989, 13, 925, 115, 39),
(990, 13, 495, 85, 37),
(991, 13, 298, 63, 39),
(992, 14, 580, 103, 36),
(993, 14, 324, 43, 38),
(994, 14, 808, 99, 42),
(995, 14, 546, 99, 41),
(996, 14, 937, 50, 37),
(997, 14, 209, 88, 40),
(998, 14, 853, 99, 39),
(999, 14, 687, 80, 36),
(1000, 14, 161, 110, 40),
(1001, 14, 816, 114, 39),
(1002, 14, 982, 63, 40),
(1003, 14, 518, 70, 36),
(1004, 14, 412, 103, 40),
(1005, 14, 362, 85, 41),
(1006, 14, 699, 71, 40),
(1007, 15, 526, 52, 39),
(1008, 15, 292, 69, 41),
(1009, 15, 730, 79, 37),
(1010, 15, 931, 50, 40),
(1011, 15, 619, 47, 39),
(1012, 15, 396, 89, 40),
(1013, 15, 253, 110, 35),
(1014, 15, 378, 116, 37),
(1015, 15, 121, 97, 35),
(1016, 15, 499, 118, 37),
(1017, 15, 617, 72, 35),
(1018, 15, 698, 46, 36),
(1019, 15, 218, 78, 41),
(1020, 15, 234, 75, 37),
(1021, 15, 547, 98, 39),
(1022, 16, 989, 81, 40),
(1023, 16, 354, 92, 38),
(1024, 16, 635, 106, 37),
(1025, 16, 902, 52, 36),
(1026, 16, 118, 90, 39),
(1027, 16, 495, 70, 36),
(1028, 16, 570, 50, 40),
(1029, 16, 806, 110, 42),
(1030, 16, 402, 86, 39),
(1031, 16, 377, 56, 41),
(1032, 16, 835, 89, 42),
(1033, 16, 273, 93, 40),
(1034, 16, 153, 108, 35),
(1035, 16, 911, 91, 39),
(1036, 16, 923, 40, 41),
(1037, 17, 433, 56, 42),
(1038, 17, 440, 75, 41),
(1039, 17, 356, 98, 37),
(1040, 17, 448, 100, 40),
(1041, 17, 529, 54, 36),
(1042, 17, 460, 88, 42),
(1043, 17, 706, 59, 39),
(1044, 17, 698, 44, 39),
(1045, 17, 537, 80, 41),
(1046, 17, 302, 49, 37),
(1047, 17, 146, 108, 36),
(1048, 17, 158, 104, 39),
(1049, 17, 577, 100, 42),
(1050, 17, 272, 57, 41),
(1051, 17, 245, 83, 40),
(1052, 18, 748, 41, 36),
(1053, 18, 147, 44, 40),
(1054, 18, 503, 96, 40),
(1055, 18, 386, 67, 35),
(1056, 18, 644, 69, 37),
(1057, 18, 827, 72, 37),
(1058, 18, 956, 65, 40),
(1059, 18, 978, 72, 36),
(1060, 18, 977, 56, 40),
(1061, 18, 385, 68, 36),
(1062, 18, 678, 93, 39),
(1063, 18, 242, 46, 36),
(1064, 18, 275, 103, 41),
(1065, 18, 655, 96, 42),
(1066, 18, 530, 74, 39),
(1067, 19, 334, 93, 41),
(1068, 19, 890, 84, 40),
(1069, 19, 974, 101, 40),
(1070, 19, 579, 113, 36),
(1071, 19, 758, 97, 35),
(1072, 19, 516, 116, 35),
(1073, 19, 854, 83, 42),
(1074, 19, 828, 91, 35),
(1075, 19, 822, 95, 40),
(1076, 19, 539, 81, 37),
(1077, 19, 246, 59, 39),
(1078, 19, 235, 52, 41),
(1079, 19, 544, 76, 39),
(1080, 19, 729, 81, 42),
(1081, 19, 442, 103, 42),
(1082, 20, 276, 41, 40),
(1083, 20, 825, 111, 42),
(1084, 20, 148, 85, 39),
(1085, 20, 525, 116, 41),
(1086, 20, 338, 113, 40),
(1087, 20, 238, 96, 37),
(1088, 20, 522, 43, 35),
(1089, 20, 743, 47, 41),
(1090, 20, 623, 76, 38),
(1091, 20, 111, 117, 37),
(1092, 20, 459, 113, 39),
(1093, 20, 241, 71, 42),
(1094, 20, 718, 67, 40),
(1095, 20, 614, 89, 35),
(1096, 20, 853, 114, 35),
(1097, 21, 647, 113, 42),
(1098, 21, 748, 71, 42),
(1099, 21, 781, 69, 36),
(1100, 21, 397, 113, 42),
(1101, 21, 557, 90, 36),
(1102, 21, 852, 117, 41),
(1103, 21, 753, 58, 42),
(1104, 21, 199, 110, 42),
(1105, 21, 901, 92, 40),
(1106, 21, 146, 106, 35),
(1107, 21, 552, 72, 38),
(1108, 21, 127, 47, 36),
(1109, 21, 521, 101, 35),
(1110, 21, 380, 112, 42),
(1111, 21, 411, 57, 38),
(1112, 22, 109, 42, 36),
(1113, 22, 416, 91, 38),
(1114, 22, 743, 58, 38),
(1115, 22, 193, 104, 41),
(1116, 22, 922, 77, 36),
(1117, 22, 916, 46, 39),
(1118, 22, 168, 107, 36),
(1119, 22, 465, 67, 42),
(1120, 22, 889, 40, 38),
(1121, 22, 955, 60, 40),
(1122, 22, 665, 99, 38),
(1123, 22, 247, 86, 42),
(1124, 22, 399, 89, 41),
(1125, 22, 712, 66, 42),
(1126, 22, 925, 87, 41),
(1127, 23, 323, 112, 41),
(1128, 23, 201, 74, 37),
(1129, 23, 868, 93, 40),
(1130, 23, 766, 75, 38),
(1131, 23, 973, 87, 41),
(1132, 23, 502, 90, 42),
(1133, 23, 569, 71, 39),
(1134, 23, 542, 79, 35),
(1135, 23, 482, 97, 39),
(1136, 23, 420, 96, 41),
(1137, 23, 768, 91, 38),
(1138, 23, 990, 79, 41),
(1139, 23, 518, 52, 41),
(1140, 23, 152, 93, 39),
(1141, 23, 861, 76, 38),
(1142, 24, 650, 45, 36),
(1143, 24, 531, 67, 36),
(1144, 24, 948, 119, 40),
(1145, 24, 882, 120, 38),
(1146, 24, 214, 107, 39),
(1147, 24, 315, 61, 39),
(1148, 24, 687, 92, 40),
(1149, 24, 620, 120, 40),
(1150, 24, 693, 74, 37),
(1151, 24, 197, 113, 37),
(1152, 24, 610, 49, 37),
(1153, 24, 564, 79, 41),
(1154, 24, 160, 111, 37),
(1155, 24, 580, 74, 39),
(1156, 24, 214, 88, 39),
(1157, 25, 450, 112, 35),
(1158, 25, 490, 58, 36),
(1159, 25, 769, 69, 38),
(1160, 25, 420, 115, 37),
(1161, 25, 134, 57, 42),
(1162, 25, 641, 45, 42),
(1163, 25, 626, 79, 38),
(1164, 25, 230, 84, 41),
(1165, 25, 409, 65, 40),
(1166, 25, 455, 62, 37),
(1167, 25, 635, 81, 40),
(1168, 25, 365, 115, 41),
(1169, 25, 296, 99, 39),
(1170, 25, 709, 95, 38),
(1171, 25, 262, 99, 41);

-- --------------------------------------------------------

--
-- Structure de la table `tickets`
--

DROP TABLE IF EXISTS `tickets`;
CREATE TABLE IF NOT EXISTS `tickets` (
  `id` int(11) NOT NULL AUTO_INCREMENT,
  `userId` int(255) DEFAULT NULL,
  `adminId` int(255) DEFAULT NULL,
  `questionDate` timestamp NOT NULL DEFAULT current_timestamp(),
  `answerDate` timestamp NOT NULL DEFAULT '0000-00-00 00:00:00',
  `status` varchar(255) DEFAULT NULL,
  `question` varchar(255) DEFAULT NULL,
  `answer` varchar(255) DEFAULT NULL,
  PRIMARY KEY (`id`)
) ENGINE=MyISAM AUTO_INCREMENT=44 DEFAULT CHARSET=latin1;

--
-- Déchargement des données de la table `tickets`
--

INSERT INTO `tickets` (`id`, `userId`, `adminId`, `questionDate`, `answerDate`, `status`, `question`, `answer`) VALUES
(43, 10, NULL, '2020-06-03 13:12:58', '0000-00-00 00:00:00', 'new', 'Je n\'ai pas eu beaucoup de saucisses', NULL),
(41, 1, NULL, '2020-06-03 12:52:57', '0000-00-00 00:00:00', 'new', 'Je vous envoie ce ticket depuis la Belgique', NULL),
(39, 10, 12, '2020-06-02 23:40:56', '2020-06-02 23:42:39', 'solved', 'Qui va gagner Koh-Lanta ?', 'Claude'),
(35, 10, 12, '2020-06-02 23:40:00', '2020-06-03 12:56:37', 'solved', 'Pourquoi la moyenne de mon auto-école est aussi basse ?', 'Parce que vous êtes mauvais'),
(42, 10, 12, '2020-06-03 13:12:42', '2020-06-03 13:27:42', 'solved', 'J\'aime bien la choucroute', 'Bite'),
(37, 10, 12, '2020-06-02 23:40:36', '2020-06-02 23:42:29', 'solved', 'Combien de clients possédez-vous ?', 'Ces donnés sont confidentielles'),
(33, 10, 12, '2020-06-02 23:38:54', '2020-06-02 23:42:09', 'solved', 'J\'ai un bug sur la page d\'accueil', 'Actualisez la page (F5)'),
(34, 10, 12, '2020-06-02 23:39:34', '2020-06-02 23:41:47', 'solved', 'Comment ce fait-il que je ne possède pas de poul sur le test du rythme cardiaque ?', 'Parce que vous êtes mort');

-- --------------------------------------------------------

--
-- Structure de la table `user`
--

DROP TABLE IF EXISTS `user`;
CREATE TABLE IF NOT EXISTS `user` (
  `id` int(11) NOT NULL AUTO_INCREMENT,
  `personId` int(255) DEFAULT NULL,
  `organismId` varchar(255) DEFAULT NULL,
  `birthdate` date DEFAULT NULL,
  `sex` varchar(255) DEFAULT NULL,
  `comment` varchar(255) DEFAULT NULL,
  PRIMARY KEY (`id`)
) ENGINE=MyISAM AUTO_INCREMENT=8 DEFAULT CHARSET=latin1;

--
-- Déchargement des données de la table `user`
--

INSERT INTO `user` (`id`, `personId`, `organismId`, `birthdate`, `sex`, `comment`) VALUES
(1, 1, NULL, '2020-01-01', 'man', NULL),
(2, 2, '1', '2020-01-01', 'man', NULL),
(3, 3, '1', '2020-01-01', 'man', NULL),
(4, 4, '2', '2020-01-01', 'man', NULL),
(5, 5, '2', '2020-01-01', 'man', NULL),
(6, 9, NULL, '0012-03-21', 'man', NULL),
(7, 10, NULL, '1999-01-27', 'man', 'RAS');
COMMIT;

/*!40101 SET CHARACTER_SET_CLIENT=@OLD_CHARACTER_SET_CLIENT */;
/*!40101 SET CHARACTER_SET_RESULTS=@OLD_CHARACTER_SET_RESULTS */;
/*!40101 SET COLLATION_CONNECTION=@OLD_COLLATION_CONNECTION */;
